{
    "center_position": [
        41.558058,
        -8.398085
    ],
    "number_of_collectors": 5,
    "collector_capacities": [500, 500, 750, 1000, 1250],
    "gas_per_100km": [10, 10, 20, 40, 60],
    "number_of_trashes": 40,
    "trash_positions": [
        [
            41.5560805,
            -8.3941319
        ],
        [
            41.5662174,
            -8.3720223
        ],
        [
            41.5743505,
            -8.4183573
        ],
        [
            41.5530541,
            -8.3951569
        ],
        [
            41.564043,
            -8.4066428
        ],
        [
            41.5762063,
            -8.4328625
        ],
        [
            41.5355921,
            -8.4104938
        ],
        [
            41.5552412,
            -8.4306657
        ],
        [
            41.5588363,
            -8.4303985
        ],
        [
            41.5362882,
            -8.3985232
        ],
        [
            41.5521401,
            -8.4156272
        ],
        [
            41.5464809,
            -8.3644628
        ],
        [
            41.5814283,
            -8.3701058
        ],
        [
            41.5540263,
            -8.4266564
        ],
        [
            41.5492029,
            -8.4028334
        ],
        [
            41.5421826,
            -8.3983745
        ],
        [
            41.5557327,
            -8.4008126
        ],
        [
            41.573484,
            -8.3786559
        ],
        [
            41.571264,
            -8.3824905
        ],
        [
            41.5766176,
            -8.418716
        ],
        [
            41.554625,
            -8.3849797
        ],
        [
            41.5355632,
            -8.4053899
        ],
        [
            41.5460824,
            -8.4133829
        ],
        [
            41.5470332,
            -8.3972922
        ],
        [
            41.5378258,
            -8.4090194
        ],
        [
            41.5613882,
            -8.3792964
        ],
        [
            41.5370533,
            -8.4136971
        ],
        [
            41.5785231,
            -8.3638649
        ],
        [
            41.5720073,
            -8.4233405
        ],
        [
            41.5322324,
            -8.4122303
        ],
        [
            41.557499,
            -8.4073468
        ],
        [
            41.5324196,
            -8.4191524
        ],
        [
            41.5449988,
            -8.4140576
        ],
        [
            41.5393323,
            -8.4336953
        ],
        [
            41.5481623,
            -8.4042088
        ],
        [
            41.5427306,
            -8.407633
        ],
        [
            41.5689155,
            -8.3832409
        ],
        [
            41.5794947,
            -8.3664433
        ],
        [
            41.531166,
            -8.4275596
        ],
        [
            41.5322823,
            -8.4281658
        ]
    ],
    "truck_velocity": 50,
    "simulation_speed": 100,
    "trash_occupancy_per_hour": 20,
    "images_directory": "images/"
}