{
    "center_position": [41.558058, -8.398085],
    "number_of_collectors": 2,
    "number_of_trashes": 10,
    "trash_positions": [
        [41.553745493456525, -8.406752279492304],
        [41.56083607009294, -8.405753291742863],
        [41.561316158949744, -8.393589790607058],
        [41.56471332007074, -8.398545822233055],
        [41.55378012650089, -8.40020527522375],
        [41.55176728948211, -8.403237259638852],
        [41.5534776439541, -8.395093081158524],
        [41.55623529671195, -8.393376216789006],
        [41.552666040049104, -8.38957982177933],
        [41.56560964241645, -8.387980142732735]
    ],
    "truck_velocity": 100,
    "simulation_speed": 50,
    "trash_occupancy_per_hour": 200,
    "images_directory": "images/"

}
