{
    "center_position": [
        41.558058,
        -8.398085
    ],
    "number_of_collectors": 4,
    "collector_capacities": [500, 500, 750, 1000],
    "gas_per_100km": [10, 10, 20, 40],
    "number_of_trashes": 20,
    "trash_positions": [
        [
            41.5628265,
            -8.4063154
        ],
        [
            41.5478961,
            -8.4073556
        ],
        [
            41.5647257,
            -8.3912948
        ],
        [
            41.5652318,
            -8.3877155
        ],
        [
            41.5402958,
            -8.3987511
        ],
        [
            41.545157,
            -8.4184082
        ],
        [
            41.5840537,
            -8.4064969
        ],
        [
            41.5518102,
            -8.4205498
        ],
        [
            41.5413159,
            -8.4037277
        ],
        [
            41.537832,
            -8.4222176
        ],
        [
            41.569667,
            -8.3751197
        ],
        [
            41.5670446,
            -8.4239496
        ],
        [
            41.5565974,
            -8.3924598
        ],
        [
            41.5562428,
            -8.3974167
        ],
        [
            41.5448488,
            -8.3950529
        ],
        [
            41.5549225,
            -8.4246442
        ],
        [
            41.54138,
            -8.3727993
        ],
        [
            41.57706,
            -8.4249456
        ],
        [
            41.5401209,
            -8.4258314
        ],
        [
            41.5573486,
            -8.4093363
        ]
    ],
    "truck_velocity": 50,
    "simulation_speed": 50,
    "trash_occupancy_per_hour": 1,
    "images_directory": "images/"
}