{
    "center_position": [41.558058, -8.398085],
    "number_of_collectors": 2,
    "number_of_trashes": 4,
    "trash_positions": [
        [41.553745493456525, -8.406752279492304],
        [41.56083607009294, -8.405753291742863],
        [41.561316158949744, -8.393589790607058],
        [41.56471332007074, -8.398545822233055]
    ],
    "truck_velocity": 50,
    "simulation_speed": 50,
    "trash_occupancy_per_hour": 200,
    "images_directory": "images/"
}
